"company","means"
"IBM",144.375030307667
"GE",59.3035041100708
"Coca Cola",60.0297297332708
"Boeing",46.5929336867917
